date,symbol,company_name,open,high,low,close,volume,daily_return
2024-10-02,TECH,TechCorp Inc.,149.35,150.23,146.02,148.39,1300530,-0.433
2024-10-03,TECH,TechCorp Inc.,154.54,154.84,150.38,151.38,1363815,4.149
2024-10-04,TECH,TechCorp Inc.,151.59,152.33,147.43,150.14,952693,0.138
2024-10-07,TECH,TechCorp Inc.,152.45,153.9,148.78,149.49,2303968,1.54
2024-10-08,TECH,TechCorp Inc.,150.7,150.7,148.12,149.99,1384675,0.811
2024-10-09,TECH,TechCorp Inc.,152.79,153.51,151.35,151.75,831091,1.865
2024-10-10,TECH,TechCorp Inc.,151.71,156.87,151.16,156.48,837338,-0.032
2024-10-11,TECH,TechCorp Inc.,158.97,160.0,156.44,158.54,2061227,1.588
2024-10-14,TECH,TechCorp Inc.,156.79,158.37,151.36,152.4,1692713,-1.101
2024-10-15,TECH,TechCorp Inc.,146.55,150.31,145.48,148.51,1074586,-3.84
2024-10-16,TECH,TechCorp Inc.,145.83,146.83,144.78,144.94,1380267,-1.808
2024-10-17,TECH,TechCorp Inc.,150.81,153.25,147.12,147.27,712866,4.053
2024-10-18,TECH,TechCorp Inc.,143.5,144.82,142.91,143.09,2159036,-2.561
2024-10-21,TECH,TechCorp Inc.,139.08,140.83,138.55,139.06,1559476,-2.802
2024-10-22,TECH,TechCorp Inc.,138.03,138.3,132.06,132.64,1463100,-0.742
2024-10-23,TECH,TechCorp Inc.,136.05,136.97,132.26,133.86,443956,2.572
2024-10-24,TECH,TechCorp Inc.,134.85,134.96,133.37,133.83,813427,0.739
2024-10-25,TECH,TechCorp Inc.,132.16,133.66,130.72,132.22,1408104,-1.251
2024-10-28,TECH,TechCorp Inc.,129.32,131.21,127.09,130.61,748250,-2.198
2024-10-29,TECH,TechCorp Inc.,133.86,134.48,131.28,131.89,1588358,2.488
2024-10-30,TECH,TechCorp Inc.,131.36,133.23,127.92,130.18,1704492,-0.403
2024-10-31,TECH,TechCorp Inc.,130.53,131.62,128.28,128.95,1307416,0.271
2024-11-01,TECH,TechCorp Inc.,132.69,136.0,131.3,133.99,636736,2.903
2024-11-04,TECH,TechCorp Inc.,133.09,136.26,128.96,133.59,1379819,-0.668
2024-11-05,TECH,TechCorp Inc.,133.24,135.5,132.81,134.31,2552085,-0.266
2024-11-06,TECH,TechCorp Inc.,135.06,136.97,134.49,136.07,1577941,0.56
2024-11-07,TECH,TechCorp Inc.,134.52,136.0,132.81,133.4,1538007,-1.135
2024-11-08,TECH,TechCorp Inc.,134.75,138.14,133.85,138.14,652107,1.016
2024-11-11,TECH,TechCorp Inc.,137.2,139.81,136.8,138.64,1015164,-0.674
2024-11-12,TECH,TechCorp Inc.,134.57,135.76,133.08,133.85,1318846,-2.936
2024-11-13,TECH,TechCorp Inc.,134.11,135.01,133.18,134.13,1234932,0.2
2024-11-14,TECH,TechCorp Inc.,135.58,138.5,133.04,134.51,818137,1.084
2024-11-15,TECH,TechCorp Inc.,132.32,134.23,130.92,133.7,1432192,-1.626
2024-11-18,TECH,TechCorp Inc.,135.66,137.31,132.54,132.88,916579,1.467
2024-11-19,TECH,TechCorp Inc.,133.4,133.94,128.51,129.84,576215,0.387
2024-11-20,TECH,TechCorp Inc.,126.02,128.93,124.09,128.12,828822,-2.945
2024-11-21,TECH,TechCorp Inc.,123.88,125.41,121.61,121.8,823883,-3.315
2024-11-22,TECH,TechCorp Inc.,122.31,124.61,120.54,123.23,866804,0.42
2024-11-25,TECH,TechCorp Inc.,120.09,120.4,118.19,119.34,638881,-2.552
2024-11-26,TECH,TechCorp Inc.,120.28,120.32,119.28,120.2,894439,0.788
2024-11-27,TECH,TechCorp Inc.,118.09,120.91,115.91,119.67,670236,-1.748
2024-11-28,TECH,TechCorp Inc.,116.21,116.31,113.41,115.08,661444,-2.893
2024-11-29,TECH,TechCorp Inc.,112.88,113.31,112.07,113.23,1109418,-1.908
2024-12-02,TECH,TechCorp Inc.,112.11,113.98,110.15,111.65,532793,-0.993
2024-12-03,TECH,TechCorp Inc.,113.61,116.32,112.68,115.0,2288830,1.759
2024-12-04,TECH,TechCorp Inc.,112.53,113.67,110.68,110.98,1408163,-2.145
2024-12-05,TECH,TechCorp Inc.,111.85,114.0,110.68,112.5,1847209,0.781
2024-12-06,TECH,TechCorp Inc.,112.1,113.82,111.45,112.03,1335471,-0.359
2024-12-09,TECH,TechCorp Inc.,112.0,114.27,111.37,113.89,651242,-0.024
2024-12-10,TECH,TechCorp Inc.,113.95,114.21,113.23,113.65,948622,0.053
2024-12-11,TECH,TechCorp Inc.,115.64,117.5,112.87,114.88,2060521,1.752
2024-12-12,TECH,TechCorp Inc.,112.03,113.76,111.73,113.19,1218409,-2.485
2024-12-13,TECH,TechCorp Inc.,112.77,113.55,110.42,111.45,698519,-0.369
2024-12-16,TECH,TechCorp Inc.,111.41,112.17,108.57,110.21,788410,-0.034
2024-12-17,TECH,TechCorp Inc.,110.85,112.21,110.76,111.68,1504006,0.579
2024-12-18,TECH,TechCorp Inc.,112.87,113.85,109.79,110.77,746113,1.064
2024-12-19,TECH,TechCorp Inc.,110.97,112.34,109.78,112.11,3427790,0.176
2024-12-20,TECH,TechCorp Inc.,110.46,110.79,107.39,108.17,983266,-1.472
2024-12-23,TECH,TechCorp Inc.,111.42,112.19,108.52,109.18,2599602,3.007
2024-12-24,TECH,TechCorp Inc.,113.64,114.27,111.37,112.34,871396,4.085
2024-12-25,TECH,TechCorp Inc.,112.35,114.55,112.33,112.39,709665,0.009
2024-12-26,TECH,TechCorp Inc.,111.39,115.23,110.49,113.8,963985,-0.886
2024-12-27,TECH,TechCorp Inc.,113.28,115.01,112.64,114.62,1718891,-0.46
2024-12-30,TECH,TechCorp Inc.,113.98,115.22,112.0,112.93,4569674,-0.563
2024-12-31,TECH,TechCorp Inc.,115.86,117.39,112.96,113.51,1447953,2.589
2025-01-01,TECH,TechCorp Inc.,114.87,115.01,114.05,114.43,1063842,1.198
2025-01-02,TECH,TechCorp Inc.,109.47,110.4,108.9,109.09,4525452,-4.339
2025-01-03,TECH,TechCorp Inc.,110.0,111.01,108.95,109.48,1262747,0.835
2025-01-06,TECH,TechCorp Inc.,110.92,115.63,110.39,114.34,726332,1.314
2025-01-07,TECH,TechCorp Inc.,115.73,116.21,113.79,114.13,1741139,1.211
2025-01-08,TECH,TechCorp Inc.,116.34,116.41,113.36,114.17,582786,1.937
2025-01-09,TECH,TechCorp Inc.,113.79,116.55,112.77,113.26,513792,-0.334
2025-01-10,TECH,TechCorp Inc.,112.09,116.19,110.32,113.81,420567,-1.03
2025-01-13,TECH,TechCorp Inc.,118.18,119.91,117.55,118.87,275526,3.842
2025-01-14,TECH,TechCorp Inc.,119.0,120.69,117.79,119.59,1069437,0.107
2025-01-15,TECH,TechCorp Inc.,117.49,119.0,117.01,117.94,619442,-1.751
2025-01-16,TECH,TechCorp Inc.,119.6,121.42,119.55,121.14,515870,1.402
2025-01-17,TECH,TechCorp Inc.,120.53,123.69,119.1,120.44,2087248,-0.499
2025-01-20,TECH,TechCorp Inc.,122.96,125.65,122.51,123.48,1240368,2.094
2025-01-21,TECH,TechCorp Inc.,123.47,127.12,122.7,125.74,564494,-0.006
2025-01-22,TECH,TechCorp Inc.,125.35,125.43,122.32,123.85,843344,-0.306
2025-01-23,TECH,TechCorp Inc.,123.87,125.03,121.08,123.98,741553,0.014
2025-01-24,TECH,TechCorp Inc.,124.62,127.49,122.28,126.87,1485927,0.523
2025-01-27,TECH,TechCorp Inc.,125.38,126.16,122.92,123.14,805005,-1.171
2025-01-28,TECH,TechCorp Inc.,117.84,120.94,117.07,119.42,604272,-4.311
2025-01-29,TECH,TechCorp Inc.,119.06,119.77,118.25,119.05,693088,-0.303
2025-01-30,TECH,TechCorp Inc.,119.36,121.93,118.52,120.18,1534568,0.264
2025-01-31,TECH,TechCorp Inc.,120.5,123.56,119.46,123.05,2230531,0.268
2025-02-03,TECH,TechCorp Inc.,124.89,125.49,123.69,124.06,1302493,1.496
2025-02-04,TECH,TechCorp Inc.,124.68,127.39,123.34,125.26,1125691,0.495
2025-02-05,TECH,TechCorp Inc.,127.74,128.25,123.49,125.76,966150,1.983
2025-02-06,TECH,TechCorp Inc.,123.76,125.1,121.58,122.55,871529,-1.595
2025-02-07,TECH,TechCorp Inc.,119.22,120.33,118.14,119.25,2140014,-2.711
2025-02-10,TECH,TechCorp Inc.,120.59,123.26,119.56,122.45,624056,1.122
2025-02-11,TECH,TechCorp Inc.,124.76,125.77,123.29,125.08,647439,1.88
2025-02-12,TECH,TechCorp Inc.,126.7,127.28,123.19,124.89,1636889,1.294
2025-02-13,TECH,TechCorp Inc.,121.94,123.72,121.09,122.95,1393196,-2.365
2025-02-14,TECH,TechCorp Inc.,123.71,124.96,120.31,122.71,1239171,0.621
2025-02-17,TECH,TechCorp Inc.,119.0,119.48,118.19,119.17,865976,-3.03
2025-02-18,TECH,TechCorp Inc.,118.5,120.2,118.13,119.8,1333851,-0.559
2025-02-19,TECH,TechCorp Inc.,116.24,118.28,115.06,117.56,935351,-2.971
2025-02-20,TECH,TechCorp Inc.,117.59,117.98,115.67,117.35,1734848,0.021
2025-02-21,TECH,TechCorp Inc.,114.39,116.99,113.94,115.45,1805955,-2.524
2025-02-24,TECH,TechCorp Inc.,120.22,122.37,118.96,122.06,1157679,4.125
2025-02-25,TECH,TechCorp Inc.,122.24,124.15,120.6,121.6,2208246,0.148
2025-02-26,TECH,TechCorp Inc.,122.94,123.39,117.83,120.36,1510668,1.1
2025-02-27,TECH,TechCorp Inc.,122.61,122.76,119.14,121.52,811066,1.87
2025-02-28,TECH,TechCorp Inc.,119.06,124.1,119.06,121.71,1842464,-2.018
2025-03-03,TECH,TechCorp Inc.,125.1,125.71,122.18,123.71,2451495,2.783
2025-03-04,TECH,TechCorp Inc.,125.22,127.71,122.91,123.57,901523,1.226
2025-03-05,TECH,TechCorp Inc.,124.54,128.53,124.02,127.44,1407617,0.785
2025-03-06,TECH,TechCorp Inc.,127.68,132.01,127.3,128.75,1175471,0.187
2025-03-07,TECH,TechCorp Inc.,125.91,126.9,123.7,126.64,2259339,-2.202
2025-03-10,TECH,TechCorp Inc.,125.59,125.68,124.74,125.31,1114896,-0.832
2025-03-11,TECH,TechCorp Inc.,123.53,124.3,120.67,121.44,725593,-1.417
2025-03-12,TECH,TechCorp Inc.,123.73,124.05,121.55,122.56,1029913,1.891
2025-03-13,TECH,TechCorp Inc.,123.8,124.04,122.59,122.84,715131,1.009
2025-03-14,TECH,TechCorp Inc.,122.53,123.13,119.34,119.68,981956,-0.254
2025-03-17,TECH,TechCorp Inc.,119.22,119.79,118.07,119.11,725959,-0.383
2025-03-18,TECH,TechCorp Inc.,116.36,116.93,114.14,114.55,733631,-2.306
2025-03-19,TECH,TechCorp Inc.,111.69,111.89,110.27,110.93,782646,-2.492
2025-03-20,TECH,TechCorp Inc.,110.12,110.16,107.67,108.59,1424409,-0.726
2025-03-21,TECH,TechCorp Inc.,104.82,105.14,104.06,104.26,3947694,-3.472
2025-03-24,TECH,TechCorp Inc.,105.09,105.19,101.67,103.51,1032831,0.8
2025-03-25,TECH,TechCorp Inc.,101.89,103.85,101.77,103.28,777727,-1.566
2025-03-26,TECH,TechCorp Inc.,106.98,108.94,105.6,106.46,1303223,3.578
2025-03-27,TECH,TechCorp Inc.,107.36,110.07,107.06,107.99,1570958,0.837
2025-03-28,TECH,TechCorp Inc.,107.99,108.05,103.91,105.72,2061931,0.002
2025-03-31,TECH,TechCorp Inc.,105.69,107.59,103.89,107.2,674822,-0.024
2025-04-01,TECH,TechCorp Inc.,110.66,110.93,109.87,110.2,2644308,3.226
2025-04-02,TECH,TechCorp Inc.,113.9,117.87,113.56,117.69,546406,3.352
2025-04-03,TECH,TechCorp Inc.,121.28,121.54,117.85,119.16,810199,3.054
2025-04-04,TECH,TechCorp Inc.,117.28,117.91,115.57,116.21,1586053,-1.575
2025-04-07,TECH,TechCorp Inc.,113.76,115.53,113.18,114.14,709954,-2.11
2025-04-08,TECH,TechCorp Inc.,113.72,115.96,113.12,115.74,1386413,-0.361
2025-04-09,TECH,TechCorp Inc.,113.3,114.93,112.95,114.46,691111,-2.105
2025-04-10,TECH,TechCorp Inc.,112.54,114.84,111.83,113.45,1308028,-1.673
2025-04-11,TECH,TechCorp Inc.,108.82,108.86,106.89,107.87,653546,-4.074
2025-04-14,TECH,TechCorp Inc.,106.54,107.2,104.15,107.0,353924,-1.236
2025-04-15,TECH,TechCorp Inc.,105.81,109.47,105.28,106.54,795031,-1.114
2025-04-16,TECH,TechCorp Inc.,109.6,110.02,108.82,108.97,354581,2.877
2025-04-17,TECH,TechCorp Inc.,110.75,111.68,106.4,111.11,358426,1.636
2025-04-18,TECH,TechCorp Inc.,115.05,115.39,114.51,114.56,826307,3.549
2025-04-21,TECH,TechCorp Inc.,113.37,115.66,112.52,113.93,832198,-1.04
2025-04-22,TECH,TechCorp Inc.,111.47,112.87,110.12,110.71,1236668,-2.16
2025-04-23,TECH,TechCorp Inc.,109.21,111.21,107.19,110.45,968027,-1.362
2025-04-24,TECH,TechCorp Inc.,112.04,113.65,111.23,112.2,1462037,1.437
2025-04-25,TECH,TechCorp Inc.,111.88,111.98,111.49,111.77,948084,-0.289
2025-04-28,TECH,TechCorp Inc.,112.36,116.15,111.38,115.02,890557,0.529
2025-04-29,TECH,TechCorp Inc.,113.09,115.71,111.42,114.71,792317,-1.678
2025-04-30,TECH,TechCorp Inc.,114.3,114.75,110.38,111.49,889337,-0.359
2025-05-01,TECH,TechCorp Inc.,113.03,113.39,111.41,112.7,1058434,1.381
2025-05-02,TECH,TechCorp Inc.,106.07,107.8,104.5,105.78,1495743,-5.882
2025-05-05,TECH,TechCorp Inc.,106.87,110.34,105.0,109.31,1775568,1.033
2025-05-06,TECH,TechCorp Inc.,108.9,111.98,108.0,110.75,800469,-0.373
2025-05-07,TECH,TechCorp Inc.,109.69,111.04,107.68,107.96,1287253,-0.958
2025-05-08,TECH,TechCorp Inc.,106.83,107.12,101.93,103.91,1098204,-1.041
2025-05-09,TECH,TechCorp Inc.,101.17,105.14,101.07,104.19,2161462,-2.637
2025-05-12,TECH,TechCorp Inc.,102.53,103.57,102.26,103.37,1966251,-1.593
2025-05-13,TECH,TechCorp Inc.,104.98,107.18,103.98,105.44,960855,1.565
2025-05-14,TECH,TechCorp Inc.,105.74,108.29,102.37,103.95,1465831,0.287
2025-05-15,TECH,TechCorp Inc.,104.2,105.19,103.79,103.87,1155654,0.244
2025-05-16,TECH,TechCorp Inc.,101.4,102.06,99.46,101.9,666684,-2.384
2025-05-19,TECH,TechCorp Inc.,101.16,104.61,99.81,104.03,1455614,-0.727
2025-05-20,TECH,TechCorp Inc.,100.91,103.03,100.82,102.55,2097972,-2.995
2025-05-21,TECH,TechCorp Inc.,100.01,100.6,96.9,97.92,516839,-2.474
2025-05-22,TECH,TechCorp Inc.,92.47,92.98,90.74,91.84,820120,-5.564
2025-05-23,TECH,TechCorp Inc.,91.18,94.49,90.82,92.76,1195079,-0.723
2025-05-26,TECH,TechCorp Inc.,93.68,93.72,90.65,92.97,747066,0.998
2025-05-27,TECH,TechCorp Inc.,93.9,93.96,92.11,92.52,904665,1.007
2025-05-28,TECH,TechCorp Inc.,92.93,93.12,91.03,91.59,1159749,0.441
2025-05-29,TECH,TechCorp Inc.,90.6,91.56,88.75,90.91,1815232,-1.073
2025-05-30,TECH,TechCorp Inc.,90.39,92.05,89.15,90.96,723751,-0.573
2025-06-02,TECH,TechCorp Inc.,90.53,92.1,88.7,89.47,801993,-0.477
2025-06-03,TECH,TechCorp Inc.,89.92,90.28,88.02,88.3,923019,0.509
2025-06-04,TECH,TechCorp Inc.,88.22,89.56,87.24,87.52,2500269,-0.087
2025-06-05,TECH,TechCorp Inc.,87.64,88.55,86.53,87.94,2382168,0.137
2025-06-06,TECH,TechCorp Inc.,88.38,91.21,86.78,90.55,1653736,0.505
2025-06-09,TECH,TechCorp Inc.,91.64,92.19,90.54,91.96,1091529,1.206
2025-06-10,TECH,TechCorp Inc.,88.43,88.6,86.68,86.95,1053553,-3.834
2024-10-02,BANK,Banking Solutions,82.03,82.15,78.18,79.63,1676023,2.538
2024-10-03,BANK,Banking Solutions,79.56,80.75,78.54,80.06,1736459,-0.089
2024-10-04,BANK,Banking Solutions,81.07,81.54,80.34,80.92,1548744,1.267
2024-10-07,BANK,Banking Solutions,83.67,85.63,83.36,85.01,565901,3.399
2024-10-08,BANK,Banking Solutions,86.07,88.27,85.07,86.65,897329,1.245
2024-10-09,BANK,Banking Solutions,86.22,86.55,84.44,84.65,989747,-0.502
2024-10-10,BANK,Banking Solutions,83.46,86.17,83.05,84.77,794239,-1.412
2024-10-11,BANK,Banking Solutions,85.69,85.81,84.6,85.23,395272,1.082
2024-10-14,BANK,Banking Solutions,87.56,88.02,87.48,87.65,986739,2.737
2024-10-15,BANK,Banking Solutions,84.71,86.64,84.33,86.61,1789691,-3.362
2024-10-16,BANK,Banking Solutions,84.92,85.76,84.21,85.53,357464,-1.942
2024-10-17,BANK,Banking Solutions,85.44,85.81,84.27,84.67,733745,-0.098
2024-10-18,BANK,Banking Solutions,83.55,84.3,82.71,83.41,838334,-1.324
2024-10-21,BANK,Banking Solutions,78.64,79.46,76.93,78.2,553779,-5.714
2024-10-22,BANK,Banking Solutions,78.45,80.27,77.98,80.02,1381185,0.319
2024-10-23,BANK,Banking Solutions,79.36,80.28,77.16,78.53,865733,-0.818
2024-10-24,BANK,Banking Solutions,78.86,79.19,78.0,78.75,1365258,0.416
2024-10-25,BANK,Banking Solutions,76.75,78.42,76.17,77.64,508229,-2.534
2024-10-28,BANK,Banking Solutions,76.94,78.47,76.19,78.07,1393290,-0.903
2024-10-29,BANK,Banking Solutions,76.42,77.02,75.03,76.04,563331,-2.107
2024-10-30,BANK,Banking Solutions,77.48,79.95,77.16,78.52,1523462,1.887
2024-10-31,BANK,Banking Solutions,82.18,83.44,79.89,81.42,1494270,4.663
2024-11-01,BANK,Banking Solutions,78.43,78.78,77.85,77.99,1271584,-3.666
2024-11-04,BANK,Banking Solutions,78.42,80.69,77.89,79.92,744725,0.545
2024-11-05,BANK,Banking Solutions,81.33,82.8,80.37,82.43,592340,1.76
2024-11-06,BANK,Banking Solutions,85.26,87.85,83.74,87.21,486685,3.434
2024-11-07,BANK,Banking Solutions,86.38,87.0,84.53,85.43,1540995,-0.949
2024-11-08,BANK,Banking Solutions,87.86,89.02,86.99,88.77,688941,2.841
2024-11-11,BANK,Banking Solutions,91.08,92.18,90.7,92.14,384390,2.599
2024-11-12,BANK,Banking Solutions,90.26,94.04,90.09,92.85,1892105,-2.042
2024-11-13,BANK,Banking Solutions,90.61,91.72,90.6,90.86,4254425,-2.41
2024-11-14,BANK,Banking Solutions,87.92,89.47,87.24,89.32,1345900,-3.237
2024-11-15,BANK,Banking Solutions,88.1,90.04,87.57,88.4,1180700,-1.366
2024-11-18,BANK,Banking Solutions,89.62,91.38,89.49,91.04,694775,1.377
2024-11-19,BANK,Banking Solutions,89.83,92.75,89.62,91.43,1114344,-1.324
2024-11-20,BANK,Banking Solutions,89.87,92.06,88.13,91.45,701271,-1.709
2024-11-21,BANK,Banking Solutions,90.85,91.76,90.66,91.17,657525,-0.656
2024-11-22,BANK,Banking Solutions,92.87,94.73,91.61,93.87,1892261,1.863
2024-11-25,BANK,Banking Solutions,94.22,94.85,93.4,94.33,1021189,0.369
2024-11-26,BANK,Banking Solutions,90.36,92.98,89.0,91.55,903575,-4.205
2024-11-27,BANK,Banking Solutions,91.25,91.52,89.11,90.4,301827,-0.323
2024-11-28,BANK,Banking Solutions,92.79,94.39,91.8,93.26,2370811,2.654
2024-11-29,BANK,Banking Solutions,91.59,92.64,89.71,90.01,679770,-1.791
2024-12-02,BANK,Banking Solutions,90.49,91.49,88.15,89.1,1405114,0.533
2024-12-03,BANK,Banking Solutions,89.83,92.2,88.77,92.2,1417368,0.823
2024-12-04,BANK,Banking Solutions,96.14,96.49,94.29,94.68,1047490,4.272
2024-12-05,BANK,Banking Solutions,92.91,96.67,92.73,94.48,689873,-1.865
2024-12-06,BANK,Banking Solutions,91.65,93.02,91.21,92.0,1018123,-2.998
2024-12-09,BANK,Banking Solutions,91.01,91.77,88.7,89.52,499506,-1.079
2024-12-10,BANK,Banking Solutions,92.45,94.55,91.21,93.25,526892,3.28
2024-12-11,BANK,Banking Solutions,93.06,95.45,92.41,93.77,919132,-0.198
2024-12-12,BANK,Banking Solutions,91.94,94.53,90.44,93.63,947477,-1.953
2024-12-13,BANK,Banking Solutions,96.7,97.82,96.2,97.69,886221,3.281
2024-12-16,BANK,Banking Solutions,98.62,99.32,98.46,98.74,1046089,0.957
2024-12-17,BANK,Banking Solutions,94.63,96.22,93.54,95.28,444908,-4.157
2024-12-18,BANK,Banking Solutions,91.96,92.61,88.33,90.09,846942,-3.488
2024-12-19,BANK,Banking Solutions,90.5,91.16,90.43,91.04,566627,0.456
2024-12-20,BANK,Banking Solutions,93.78,97.94,92.82,96.32,987284,3.002
2024-12-23,BANK,Banking Solutions,94.56,95.97,92.51,95.27,1882347,-1.829
2024-12-24,BANK,Banking Solutions,95.78,98.33,95.23,97.25,716120,0.525
2024-12-25,BANK,Banking Solutions,97.5,98.9,95.96,98.76,712630,0.256
2024-12-26,BANK,Banking Solutions,98.71,100.66,97.23,98.6,1294925,-0.048
2024-12-27,BANK,Banking Solutions,101.64,105.52,101.14,105.1,1556112,3.078
2024-12-30,BANK,Banking Solutions,105.61,106.07,102.79,105.46,1416828,0.491
2024-12-31,BANK,Banking Solutions,105.83,108.0,104.76,105.48,831112,0.352
2025-01-01,BANK,Banking Solutions,109.78,110.39,108.25,108.41,1617532,4.083
2025-01-02,BANK,Banking Solutions,108.97,109.55,106.21,106.86,1055400,0.516
2025-01-03,BANK,Banking Solutions,107.88,110.48,106.73,108.55,1170192,0.952
2025-01-06,BANK,Banking Solutions,111.67,113.65,111.15,112.41,2025638,2.869
2025-01-07,BANK,Banking Solutions,113.7,116.28,112.52,113.53,1342037,1.145
2025-01-08,BANK,Banking Solutions,110.75,111.07,108.45,108.61,806681,-2.453
2025-01-09,BANK,Banking Solutions,109.02,112.39,107.78,111.62,1058457,0.382
2025-01-10,BANK,Banking Solutions,109.93,110.39,108.77,109.29,549412,-1.51
2025-01-13,BANK,Banking Solutions,109.12,112.32,105.99,108.21,1796015,-0.155
2025-01-14,BANK,Banking Solutions,107.5,108.79,105.68,107.53,2585851,-0.653
2025-01-15,BANK,Banking Solutions,107.98,109.83,106.53,109.63,876384,0.413
2025-01-16,BANK,Banking Solutions,110.03,110.27,109.18,109.28,993107,0.364
2025-01-17,BANK,Banking Solutions,109.51,110.29,106.38,107.76,1760235,0.205
2025-01-20,BANK,Banking Solutions,103.33,106.58,103.02,105.12,295646,-4.111
2025-01-21,BANK,Banking Solutions,104.47,105.52,103.83,104.37,2159549,-0.623
2025-01-22,BANK,Banking Solutions,105.86,107.55,104.05,104.39,961092,1.43
2025-01-23,BANK,Banking Solutions,105.53,106.07,102.66,104.68,1563792,1.092
2025-01-24,BANK,Banking Solutions,104.69,105.06,103.17,104.4,740807,0.004
2025-01-27,BANK,Banking Solutions,104.6,105.2,103.16,104.68,1179770,0.19
2025-01-28,BANK,Banking Solutions,104.66,106.0,103.38,105.44,669278,-0.022
2025-01-29,BANK,Banking Solutions,109.16,109.63,105.79,106.3,759866,3.524
2025-01-30,BANK,Banking Solutions,107.3,111.79,106.76,109.36,315057,0.949
2025-01-31,BANK,Banking Solutions,107.36,110.62,106.1,109.98,1016444,-1.831
2025-02-03,BANK,Banking Solutions,114.64,115.85,109.82,111.49,2879380,4.236
2025-02-04,BANK,Banking Solutions,111.37,113.71,107.56,109.3,1534699,-0.107
2025-02-05,BANK,Banking Solutions,107.64,107.81,107.2,107.56,2073361,-1.525
2025-02-06,BANK,Banking Solutions,109.56,111.07,107.45,107.79,1523845,1.859
2025-02-07,BANK,Banking Solutions,111.06,111.1,108.62,109.2,494674,3.033
2025-02-10,BANK,Banking Solutions,110.07,116.32,110.03,114.22,1636977,0.793
2025-02-11,BANK,Banking Solutions,114.61,116.1,114.15,114.42,690780,0.346
2025-02-12,BANK,Banking Solutions,109.52,112.55,109.46,111.48,1221821,-4.28
2025-02-13,BANK,Banking Solutions,113.99,115.41,113.65,114.37,1959476,2.249
2025-02-14,BANK,Banking Solutions,115.22,117.03,114.89,115.56,669296,0.742
2025-02-17,BANK,Banking Solutions,114.2,115.42,110.4,112.8,2064784,-1.177
2025-02-18,BANK,Banking Solutions,117.25,117.33,113.61,115.1,770977,3.941
2025-02-19,BANK,Banking Solutions,113.1,115.66,111.89,115.2,1478396,-1.736
2025-02-20,BANK,Banking Solutions,120.62,122.14,116.59,117.95,682859,4.707
2025-02-21,BANK,Banking Solutions,120.44,121.32,119.45,121.05,715583,2.114
2025-02-24,BANK,Banking Solutions,126.13,127.12,125.13,126.13,677141,4.2
2025-02-25,BANK,Banking Solutions,128.99,129.52,126.33,126.38,1164280,2.264
2025-02-26,BANK,Banking Solutions,126.05,127.68,125.12,126.8,628985,-0.258
2025-02-27,BANK,Banking Solutions,126.2,129.62,124.47,128.47,1298951,-0.468
2025-02-28,BANK,Banking Solutions,123.51,125.95,122.34,123.6,661233,-3.856
2025-03-03,BANK,Banking Solutions,125.61,126.41,121.97,122.7,812489,1.628
2025-03-04,BANK,Banking Solutions,122.25,124.13,121.92,123.61,891144,-0.372
2025-03-05,BANK,Banking Solutions,124.65,125.22,123.8,124.42,921228,0.84
2025-03-06,BANK,Banking Solutions,122.08,123.07,120.66,122.02,1141054,-1.88
2025-03-07,BANK,Banking Solutions,122.66,124.63,122.16,124.1,1394387,0.525
2025-03-10,BANK,Banking Solutions,125.33,125.51,123.32,123.77,1065742,0.99
2025-03-11,BANK,Banking Solutions,118.73,121.65,118.31,119.02,703228,-4.073
2025-03-12,BANK,Banking Solutions,120.03,122.03,118.52,120.59,1475280,0.847
2025-03-13,BANK,Banking Solutions,122.13,122.55,120.62,121.87,1563242,1.281
2025-03-14,BANK,Banking Solutions,119.21,120.75,119.12,120.68,1101081,-2.186
2025-03-17,BANK,Banking Solutions,120.43,122.69,119.09,122.59,894797,-0.2
2025-03-18,BANK,Banking Solutions,123.15,126.17,122.1,125.42,3783996,0.457
2025-03-19,BANK,Banking Solutions,126.21,128.82,125.53,128.62,1667100,0.63
2025-03-20,BANK,Banking Solutions,131.88,135.14,131.47,133.98,810942,2.536
2025-03-21,BANK,Banking Solutions,135.0,137.2,133.56,136.89,2212122,0.765
2025-03-24,BANK,Banking Solutions,134.52,134.71,132.42,132.83,817580,-1.733
2025-03-25,BANK,Banking Solutions,136.56,137.48,134.59,137.42,534406,2.804
2025-03-26,BANK,Banking Solutions,138.33,139.73,133.7,133.91,5870376,0.662
2025-03-27,BANK,Banking Solutions,140.22,140.37,138.45,139.84,2375251,4.716
2025-03-28,BANK,Banking Solutions,135.4,136.24,131.0,131.77,1453782,-3.176
2025-03-31,BANK,Banking Solutions,134.72,137.84,131.16,132.3,720405,2.24
2025-04-01,BANK,Banking Solutions,127.09,128.38,126.94,127.37,804042,-3.937
2025-04-02,BANK,Banking Solutions,127.09,128.8,125.48,126.38,1333829,-0.219
2025-04-03,BANK,Banking Solutions,127.32,128.91,127.09,127.64,340954,0.743
2025-04-04,BANK,Banking Solutions,128.23,132.9,127.47,130.97,1305198,0.457
2025-04-07,BANK,Banking Solutions,134.39,135.32,130.85,133.48,1088481,2.606
2025-04-08,BANK,Banking Solutions,139.07,139.68,138.62,139.65,1015156,4.184
2025-04-09,BANK,Banking Solutions,137.52,139.53,137.49,139.21,651962,-1.526
2025-04-10,BANK,Banking Solutions,142.98,145.21,141.55,144.41,818619,2.707
2025-04-11,BANK,Banking Solutions,142.29,144.81,140.01,140.67,423094,-1.464
2025-04-14,BANK,Banking Solutions,137.36,137.48,132.88,133.08,981504,-2.357
2025-04-15,BANK,Banking Solutions,130.44,131.04,127.44,128.15,1274360,-1.985
2025-04-16,BANK,Banking Solutions,126.0,127.99,125.27,126.35,824714,-1.67
2025-04-17,BANK,Banking Solutions,127.12,127.13,126.25,126.66,937743,0.614
2025-04-18,BANK,Banking Solutions,127.33,128.62,123.69,125.43,482739,0.524
2025-04-21,BANK,Banking Solutions,122.5,123.89,121.87,122.8,1029677,-2.335
2025-04-22,BANK,Banking Solutions,118.08,120.21,116.91,119.24,1294404,-3.837
2025-04-23,BANK,Banking Solutions,117.32,118.98,115.22,117.49,831844,-1.613
2025-04-24,BANK,Banking Solutions,117.32,118.71,116.15,116.62,1178258,-0.147
2025-04-25,BANK,Banking Solutions,116.63,117.73,115.26,116.95,562990,0.01
2025-04-28,BANK,Banking Solutions,118.21,120.88,117.97,120.3,835923,1.075
2025-04-29,BANK,Banking Solutions,122.92,124.11,119.81,120.29,2054906,2.172
2025-04-30,BANK,Banking Solutions,121.33,121.7,118.83,119.57,752160,0.86
2025-05-01,BANK,Banking Solutions,122.03,123.99,118.53,119.51,1902857,2.058
2025-05-02,BANK,Banking Solutions,118.53,120.23,117.64,118.26,1294352,-0.826
2025-05-05,BANK,Banking Solutions,121.45,121.89,119.25,119.43,538953,2.692
2025-05-06,BANK,Banking Solutions,120.96,121.2,119.11,119.65,710495,1.283
2025-05-07,BANK,Banking Solutions,119.75,120.19,118.49,119.36,1192204,0.086
2025-05-08,BANK,Banking Solutions,123.43,124.92,121.71,123.69,1093427,3.407
2025-05-09,BANK,Banking Solutions,121.1,121.99,117.0,118.41,1786147,-2.095
2025-05-12,BANK,Banking Solutions,119.11,119.34,116.02,116.37,1217232,0.586
2025-05-13,BANK,Banking Solutions,112.19,112.27,110.1,110.7,355786,-3.588
2025-05-14,BANK,Banking Solutions,110.45,111.63,109.68,110.69,1352503,-0.224
2025-05-15,BANK,Banking Solutions,109.03,109.45,104.84,105.9,2294399,-1.5
2025-05-16,BANK,Banking Solutions,107.52,108.62,106.92,108.21,967212,1.521
2025-05-19,BANK,Banking Solutions,111.93,113.74,109.99,110.35,2077200,3.438
2025-05-20,BANK,Banking Solutions,107.35,109.09,105.83,108.3,1164476,-2.714
2025-05-21,BANK,Banking Solutions,110.59,112.25,109.09,109.19,1017884,2.119
2025-05-22,BANK,Banking Solutions,110.49,112.14,108.44,112.07,1198313,1.197
2025-05-23,BANK,Banking Solutions,111.4,111.7,108.35,108.71,1811681,-0.593
2025-05-26,BANK,Banking Solutions,109.83,110.01,107.16,107.88,2336777,1.025
2025-05-27,BANK,Banking Solutions,109.91,111.23,109.48,111.16,1974365,1.875
2025-05-28,BANK,Banking Solutions,108.31,109.14,107.33,107.74,1898343,-2.566
2025-05-29,BANK,Banking Solutions,106.56,107.0,101.8,102.74,1542975,-1.094
2025-05-30,BANK,Banking Solutions,103.72,105.05,102.76,103.29,672765,0.956
2025-06-02,BANK,Banking Solutions,107.9,109.46,107.24,108.83,995436,4.468
2025-06-03,BANK,Banking Solutions,108.41,110.44,107.62,110.23,2788933,-0.379
2025-06-04,BANK,Banking Solutions,110.45,112.4,110.05,111.72,1235674,0.199
2025-06-05,BANK,Banking Solutions,107.61,112.3,107.18,110.87,663399,-3.679
2025-06-06,BANK,Banking Solutions,111.75,112.29,111.53,111.89,1296413,0.795
2025-06-09,BANK,Banking Solutions,115.24,117.44,113.67,116.22,2367968,2.995
2025-06-10,BANK,Banking Solutions,123.67,123.97,119.05,121.58,1429713,6.404
2024-10-02,RETAIL,Retail Giant,118.8,123.18,116.8,122.23,904045,-0.996
2024-10-03,RETAIL,Retail Giant,117.52,121.3,117.49,118.85,373774,-3.851
2024-10-04,RETAIL,Retail Giant,118.21,121.56,117.19,121.12,1105864,-0.541
2024-10-07,RETAIL,Retail Giant,121.29,123.81,120.57,122.14,267840,0.136
2024-10-08,RETAIL,Retail Giant,120.73,121.49,119.82,119.84,513340,-1.16
2024-10-09,RETAIL,Retail Giant,117.6,118.05,116.92,117.95,798016,-1.87
2024-10-10,RETAIL,Retail Giant,119.71,119.82,116.21,118.78,509793,1.492
2024-10-11,RETAIL,Retail Giant,114.5,116.64,114.14,115.85,716432,-3.604
2024-10-14,RETAIL,Retail Giant,115.36,119.08,114.37,118.13,551627,-0.42
2024-10-15,RETAIL,Retail Giant,115.53,116.46,109.55,110.61,1570686,-2.202
2024-10-16,RETAIL,Retail Giant,110.23,110.99,109.97,110.19,1469041,-0.343
2024-10-17,RETAIL,Retail Giant,106.74,108.22,106.3,107.22,1451467,-3.132
2024-10-18,RETAIL,Retail Giant,113.36,113.81,112.35,113.19,1103427,5.729
2024-10-21,RETAIL,Retail Giant,114.34,115.84,114.11,114.68,2107717,1.021
2024-10-22,RETAIL,Retail Giant,115.82,117.77,114.95,117.49,1232813,0.997
2024-10-23,RETAIL,Retail Giant,115.37,117.07,114.64,115.92,1125550,-1.802
2024-10-24,RETAIL,Retail Giant,116.73,117.96,113.99,114.65,765728,0.694
2024-10-25,RETAIL,Retail Giant,111.24,111.73,110.87,110.99,843033,-2.975
2024-10-28,RETAIL,Retail Giant,106.65,106.98,105.36,106.03,725865,-3.915
2024-10-29,RETAIL,Retail Giant,109.69,111.13,106.31,106.55,1757294,3.457
2024-10-30,RETAIL,Retail Giant,106.82,109.07,105.65,108.65,2208386,0.26
2024-10-31,RETAIL,Retail Giant,108.51,110.22,107.39,108.87,1369198,-0.127
2024-11-01,RETAIL,Retail Giant,107.7,107.78,105.87,107.48,684166,-1.08
2024-11-04,RETAIL,Retail Giant,110.5,112.04,110.23,111.97,920560,2.802
2024-11-05,RETAIL,Retail Giant,115.12,115.38,113.45,114.77,688134,2.813
2024-11-06,RETAIL,Retail Giant,118.46,120.39,115.31,115.74,987391,3.218
2024-11-07,RETAIL,Retail Giant,111.48,112.64,110.05,110.72,965494,-3.68
2024-11-08,RETAIL,Retail Giant,112.95,113.65,111.72,113.31,653817,2.016
2024-11-11,RETAIL,Retail Giant,117.5,119.44,115.92,116.2,1056347,3.697
2024-11-12,RETAIL,Retail Giant,118.8,121.2,118.34,121.07,1065188,2.241
2024-11-13,RETAIL,Retail Giant,122.01,123.65,121.25,123.64,2420291,0.776
2024-11-14,RETAIL,Retail Giant,124.71,127.19,121.43,125.29,1242707,0.863
2024-11-15,RETAIL,Retail Giant,125.18,125.48,124.14,124.21,1825350,-0.09
2024-11-18,RETAIL,Retail Giant,124.55,125.78,122.89,123.15,1374066,0.272
2024-11-19,RETAIL,Retail Giant,122.1,122.2,120.9,120.91,1333090,-0.855
2024-11-20,RETAIL,Retail Giant,120.38,120.9,116.14,117.07,980536,-0.437
2024-11-21,RETAIL,Retail Giant,116.61,119.17,114.81,118.33,991094,-0.393
2024-11-22,RETAIL,Retail Giant,117.3,117.51,115.04,115.6,1067499,-0.868
2024-11-25,RETAIL,Retail Giant,116.43,120.01,116.11,119.6,880655,0.714
2024-11-26,RETAIL,Retail Giant,117.69,118.25,116.24,116.66,3378632,-1.593
2024-11-27,RETAIL,Retail Giant,115.1,115.18,113.93,114.39,1176500,-1.332
2024-11-28,RETAIL,Retail Giant,117.44,120.24,112.6,113.16,2045905,2.668
2024-11-29,RETAIL,Retail Giant,109.73,110.36,104.53,104.78,710564,-3.031
2024-12-02,RETAIL,Retail Giant,102.82,102.94,100.69,101.33,1373331,-1.871
2024-12-03,RETAIL,Retail Giant,95.64,96.72,94.17,94.41,813230,-5.609
2024-12-04,RETAIL,Retail Giant,96.01,96.06,92.82,93.34,2883110,1.696
2024-12-05,RETAIL,Retail Giant,92.53,94.66,90.32,92.98,1562723,-0.864
2024-12-06,RETAIL,Retail Giant,93.06,96.01,92.58,94.71,2770719,0.089
2024-12-09,RETAIL,Retail Giant,95.6,96.0,94.1,95.99,2010368,0.939
2024-12-10,RETAIL,Retail Giant,94.92,97.13,93.8,95.64,2126934,-1.122
2024-12-11,RETAIL,Retail Giant,95.07,97.22,93.32,97.14,1732366,-0.595
2024-12-12,RETAIL,Retail Giant,96.09,97.12,94.61,97.1,1142503,-1.08
2024-12-13,RETAIL,Retail Giant,101.46,102.27,100.37,102.21,1152163,4.492
2024-12-16,RETAIL,Retail Giant,102.74,102.98,100.01,101.06,712241,0.519
2024-12-17,RETAIL,Retail Giant,104.04,104.96,102.86,103.9,872369,2.949
2024-12-18,RETAIL,Retail Giant,105.58,105.64,104.6,105.12,1181865,1.619
2024-12-19,RETAIL,Retail Giant,101.03,101.96,99.2,99.33,834333,-3.891
2024-12-20,RETAIL,Retail Giant,96.73,98.68,95.06,95.16,801435,-2.617
2024-12-23,RETAIL,Retail Giant,93.42,93.76,91.37,93.32,471967,-1.833
2024-12-24,RETAIL,Retail Giant,95.58,97.73,95.38,96.97,853530,2.419
2024-12-25,RETAIL,Retail Giant,97.43,100.24,96.93,99.64,897690,0.471
2024-12-26,RETAIL,Retail Giant,96.78,97.95,95.0,96.48,599277,-2.868
2024-12-27,RETAIL,Retail Giant,96.82,97.58,94.98,95.39,542504,0.353
2024-12-30,RETAIL,Retail Giant,93.62,95.85,92.13,94.61,768280,-1.848
2024-12-31,RETAIL,Retail Giant,96.09,96.54,95.76,95.81,423927,1.564
2025-01-01,RETAIL,Retail Giant,96.85,97.81,95.88,97.41,585437,1.089
2025-01-02,RETAIL,Retail Giant,99.7,100.27,99.68,99.93,958762,2.356
2025-01-03,RETAIL,Retail Giant,102.47,103.25,99.77,100.82,802429,2.541
2025-01-06,RETAIL,Retail Giant,102.73,105.78,102.03,105.35,633255,1.901
2025-01-07,RETAIL,Retail Giant,107.05,107.88,106.36,107.37,442331,1.609
2025-01-08,RETAIL,Retail Giant,108.56,108.9,104.21,105.2,1271042,1.107
2025-01-09,RETAIL,Retail Giant,109.4,111.81,109.37,111.08,1051676,3.997
2025-01-10,RETAIL,Retail Giant,107.68,108.28,104.0,106.16,1096255,-3.064
2025-01-13,RETAIL,Retail Giant,105.74,106.16,102.35,103.08,1260760,-0.398
2025-01-14,RETAIL,Retail Giant,102.52,104.13,102.2,103.43,691492,-0.548
2025-01-15,RETAIL,Retail Giant,104.1,106.6,101.92,105.97,837822,0.653
2025-01-16,RETAIL,Retail Giant,106.15,106.38,103.24,105.07,799462,0.165
2025-01-17,RETAIL,Retail Giant,102.88,104.12,102.22,103.09,308593,-2.084
2025-01-20,RETAIL,Retail Giant,107.41,108.72,107.24,107.88,1116277,4.184
2025-01-21,RETAIL,Retail Giant,106.55,107.52,106.12,106.87,720071,-1.234
2025-01-22,RETAIL,Retail Giant,103.91,104.75,103.38,104.14,1523242,-2.765
2025-01-23,RETAIL,Retail Giant,104.92,105.8,102.67,104.08,662881,0.749
2025-01-24,RETAIL,Retail Giant,102.18,104.81,101.68,103.83,1847540,-1.828
2025-01-27,RETAIL,Retail Giant,102.11,102.77,101.25,102.65,968696,-1.659
2025-01-28,RETAIL,Retail Giant,101.96,103.69,101.28,102.79,1009271,-0.67
2025-01-29,RETAIL,Retail Giant,100.71,100.91,96.35,96.94,1353591,-2.017
2025-01-30,RETAIL,Retail Giant,93.26,95.32,91.49,92.76,596274,-3.799
2025-01-31,RETAIL,Retail Giant,95.19,97.41,94.11,96.54,1275989,2.611
2025-02-03,RETAIL,Retail Giant,95.0,95.61,93.31,95.15,330358,-1.589
2025-02-04,RETAIL,Retail Giant,95.68,96.21,94.21,94.87,1873812,0.553
2025-02-05,RETAIL,Retail Giant,94.45,94.92,92.69,93.97,1146599,-0.445
2025-02-06,RETAIL,Retail Giant,95.1,97.93,94.37,96.07,677481,1.204
2025-02-07,RETAIL,Retail Giant,96.35,98.5,95.88,97.05,807861,0.3
2025-02-10,RETAIL,Retail Giant,99.38,101.09,99.09,99.82,573178,2.399
2025-02-11,RETAIL,Retail Giant,97.26,97.9,93.87,95.0,2814423,-2.566
2025-02-12,RETAIL,Retail Giant,96.69,98.95,95.57,98.38,1663056,1.786
2025-02-13,RETAIL,Retail Giant,99.3,99.84,98.98,99.46,1915415,0.935
2025-02-14,RETAIL,Retail Giant,102.13,103.84,101.61,102.97,826480,2.69
2025-02-17,RETAIL,Retail Giant,104.63,105.73,101.22,102.44,1274269,1.613
2025-02-18,RETAIL,Retail Giant,100.81,101.68,99.2,101.65,1285330,-1.59
2025-02-19,RETAIL,Retail Giant,100.57,101.91,100.18,101.9,660478,-1.056
2025-02-20,RETAIL,Retail Giant,100.81,101.67,98.43,100.11,691586,-1.079
2025-02-21,RETAIL,Retail Giant,102.37,103.59,98.09,99.04,591267,2.254
2025-02-24,RETAIL,Retail Giant,96.0,96.8,95.63,96.59,1456070,-3.067
2025-02-25,RETAIL,Retail Giant,97.2,98.23,96.05,98.16,1780797,0.631
2025-02-26,RETAIL,Retail Giant,97.1,97.28,94.87,95.74,868577,-1.078
2025-02-27,RETAIL,Retail Giant,96.5,97.87,96.02,97.0,1755856,0.788
2025-02-28,RETAIL,Retail Giant,98.06,102.31,96.94,101.11,577360,1.093
2025-03-03,RETAIL,Retail Giant,102.76,103.32,102.5,102.68,1610558,1.628
2025-03-04,RETAIL,Retail Giant,103.81,104.58,101.79,102.44,1187853,1.102
2025-03-05,RETAIL,Retail Giant,101.92,102.7,100.53,101.59,2688219,-0.507
2025-03-06,RETAIL,Retail Giant,97.99,98.35,96.54,97.11,993631,-3.542
2025-03-07,RETAIL,Retail Giant,97.09,97.92,95.74,97.69,1568314,-0.015
2025-03-10,RETAIL,Retail Giant,99.5,99.57,97.76,98.05,648661,1.846
2025-03-11,RETAIL,Retail Giant,98.86,99.51,97.01,98.06,2457272,0.82
2025-03-12,RETAIL,Retail Giant,96.4,97.48,95.85,96.72,1556668,-1.693
2025-03-13,RETAIL,Retail Giant,94.44,96.51,93.87,96.49,954837,-2.358
2025-03-14,RETAIL,Retail Giant,98.15,98.89,97.08,97.29,579505,1.718
2025-03-17,RETAIL,Retail Giant,100.93,101.77,99.86,100.07,637204,3.741
2025-03-18,RETAIL,Retail Giant,100.16,101.53,98.97,101.34,1764547,0.088
2025-03-19,RETAIL,Retail Giant,103.3,104.42,101.96,102.59,1141124,1.938
2025-03-20,RETAIL,Retail Giant,103.81,103.82,100.27,100.43,1012190,1.192
2025-03-21,RETAIL,Retail Giant,103.13,105.14,102.9,103.78,1648527,2.683
2025-03-24,RETAIL,Retail Giant,107.28,110.58,107.0,109.39,924272,3.37
2025-03-25,RETAIL,Retail Giant,110.57,112.64,110.49,111.7,382981,1.079
2025-03-26,RETAIL,Retail Giant,115.04,115.1,113.8,114.15,1841760,2.984
2025-03-27,RETAIL,Retail Giant,107.79,107.9,107.27,107.76,2373482,-5.575
2025-03-28,RETAIL,Retail Giant,105.96,107.57,104.62,107.18,757809,-1.675
2025-03-31,RETAIL,Retail Giant,105.72,107.92,104.09,107.46,826420,-1.366
2025-04-01,RETAIL,Retail Giant,108.4,110.5,105.24,109.76,1380642,0.873
2025-04-02,RETAIL,Retail Giant,107.19,110.23,103.1,103.95,1227771,-2.341
2025-04-03,RETAIL,Retail Giant,103.58,106.41,101.91,105.74,550313,-0.351
2025-04-04,RETAIL,Retail Giant,105.77,106.01,102.95,103.21,1533808,0.031
2025-04-07,RETAIL,Retail Giant,103.4,105.1,101.18,104.37,894086,0.191
2025-04-08,RETAIL,Retail Giant,102.51,103.71,100.99,102.89,883979,-1.782
2025-04-09,RETAIL,Retail Giant,101.83,102.56,100.95,101.11,751191,-1.031
2025-04-10,RETAIL,Retail Giant,104.58,104.61,102.56,103.23,470748,3.431
2025-04-11,RETAIL,Retail Giant,104.33,105.19,101.69,102.68,1525836,1.061
2025-04-14,RETAIL,Retail Giant,105.05,106.68,104.81,106.41,798034,2.312
2025-04-15,RETAIL,Retail Giant,109.65,110.78,107.77,108.5,706850,3.042
2025-04-16,RETAIL,Retail Giant,106.54,107.06,104.15,104.24,1251504,-1.8
2025-04-17,RETAIL,Retail Giant,106.32,107.37,106.11,107.16,1341562,2.003
2025-04-18,RETAIL,Retail Giant,110.0,110.72,108.91,110.21,490086,2.645
2025-04-21,RETAIL,Retail Giant,111.78,113.4,111.64,112.75,2108343,1.433
2025-04-22,RETAIL,Retail Giant,111.77,113.42,111.09,113.38,1441177,-0.868
2025-04-23,RETAIL,Retail Giant,114.42,115.12,114.38,115.03,3389243,0.919
2025-04-24,RETAIL,Retail Giant,117.87,119.28,116.68,119.15,1365869,2.469
2025-04-25,RETAIL,Retail Giant,119.33,119.43,115.02,118.79,1136339,0.152
2025-04-28,RETAIL,Retail Giant,117.75,120.58,116.35,120.56,1091876,-0.877
2025-04-29,RETAIL,Retail Giant,118.16,119.34,117.02,119.0,697291,-1.992
2025-04-30,RETAIL,Retail Giant,119.2,120.03,116.15,116.75,1412513,0.168
2025-05-01,RETAIL,Retail Giant,116.88,119.49,116.54,117.6,1105122,0.103
2025-05-02,RETAIL,Retail Giant,115.17,115.28,112.41,113.67,937017,-2.072
2025-05-05,RETAIL,Retail Giant,113.24,113.85,112.22,112.55,487449,-0.372
2025-05-06,RETAIL,Retail Giant,115.55,116.38,112.94,114.39,1466856,2.662
2025-05-07,RETAIL,Retail Giant,116.05,117.88,115.76,116.72,569429,1.444
2025-05-08,RETAIL,Retail Giant,116.24,118.98,116.22,118.04,661640,-0.406
2025-05-09,RETAIL,Retail Giant,119.68,122.49,118.74,119.71,989392,1.391
2025-05-12,RETAIL,Retail Giant,122.71,126.61,120.36,120.7,1251981,2.505
2025-05-13,RETAIL,Retail Giant,116.74,119.95,114.67,115.02,1546971,-3.281
2025-05-14,RETAIL,Retail Giant,113.64,113.83,109.79,110.08,947143,-1.201
2025-05-15,RETAIL,Retail Giant,109.94,110.54,108.55,110.37,1300460,-0.129
2025-05-16,RETAIL,Retail Giant,106.18,106.96,102.39,102.91,1121136,-3.799
2025-05-19,RETAIL,Retail Giant,100.14,100.41,97.5,99.08,727761,-2.691
2025-05-20,RETAIL,Retail Giant,100.47,103.05,99.71,102.62,425141,1.405
2025-05-21,RETAIL,Retail Giant,104.08,104.4,102.57,102.82,2051877,1.419
2025-05-22,RETAIL,Retail Giant,101.13,102.37,100.97,102.08,955108,-1.649
2025-05-23,RETAIL,Retail Giant,100.46,100.52,100.19,100.43,1044260,-1.591
2025-05-26,RETAIL,Retail Giant,102.14,104.64,101.25,103.55,590846,1.696
2025-05-27,RETAIL,Retail Giant,104.87,107.87,104.78,105.85,827939,1.276
2025-05-28,RETAIL,Retail Giant,104.35,107.16,103.51,106.46,1143794,-1.418
2025-05-29,RETAIL,Retail Giant,108.03,109.29,107.23,107.8,340092,1.471
2025-05-30,RETAIL,Retail Giant,106.77,107.28,103.09,105.87,3727655,-0.959
2025-06-02,RETAIL,Retail Giant,107.1,108.6,104.59,107.34,1562797,1.162
2025-06-03,RETAIL,Retail Giant,109.48,109.85,108.96,109.69,668110,1.998
2025-06-04,RETAIL,Retail Giant,108.3,108.38,104.32,106.1,1211600,-1.274
2025-06-05,RETAIL,Retail Giant,106.13,106.92,102.87,106.37,1995745,0.027
2025-06-06,RETAIL,Retail Giant,103.82,104.82,102.77,104.19,520626,-2.389
2025-06-09,RETAIL,Retail Giant,105.19,106.21,103.08,104.12,2089234,0.964
2025-06-10,RETAIL,Retail Giant,102.45,103.83,101.96,103.18,704086,-1.605
2024-10-02,ENERGY,Energy Systems,61.99,62.6,61.48,62.2,552819,3.319
2024-10-03,ENERGY,Energy Systems,61.56,62.21,61.44,61.44,433877,-1.039
2024-10-04,ENERGY,Energy Systems,60.13,61.1,59.89,60.73,631416,-2.14
2024-10-07,ENERGY,Energy Systems,59.55,59.93,58.66,59.21,801992,-1.955
2024-10-08,ENERGY,Energy Systems,57.91,58.62,57.6,58.14,1978872,-2.207
2024-10-09,ENERGY,Energy Systems,59.16,60.05,59.03,59.3,1721346,1.754
2024-10-10,ENERGY,Energy Systems,58.91,60.88,57.93,60.11,1282925,-0.651
2024-10-11,ENERGY,Energy Systems,60.87,62.44,60.57,62.16,883853,1.275
2024-10-14,ENERGY,Energy Systems,62.52,62.61,60.64,61.31,366690,0.577
2024-10-15,ENERGY,Energy Systems,63.25,64.61,62.91,64.32,1085885,3.169
2024-10-16,ENERGY,Energy Systems,65.97,67.88,65.58,66.94,968795,2.56
2024-10-17,ENERGY,Energy Systems,67.12,68.29,65.69,66.38,728540,0.266
2024-10-18,ENERGY,Energy Systems,64.68,64.96,64.15,64.3,1925299,-2.569
2024-10-21,ENERGY,Energy Systems,65.38,66.55,64.48,66.33,972724,1.68
2024-10-22,ENERGY,Energy Systems,67.81,68.15,67.54,67.75,599865,2.22
2024-10-23,ENERGY,Energy Systems,67.66,68.41,67.5,67.97,639660,-0.147
2024-10-24,ENERGY,Energy Systems,69.56,70.57,68.19,69.25,981494,2.338
2024-10-25,ENERGY,Energy Systems,67.92,68.92,64.89,65.8,2303853,-1.917
2024-10-28,ENERGY,Energy Systems,66.02,67.88,65.23,66.4,1603744,0.332
2024-10-29,ENERGY,Energy Systems,66.85,67.23,65.61,66.7,905252,0.674
2024-10-30,ENERGY,Energy Systems,66.86,68.66,65.46,67.05,1427540,0.239
2024-10-31,ENERGY,Energy Systems,66.97,67.98,66.93,67.54,1487853,-0.13
2024-11-01,ENERGY,Energy Systems,71.81,73.3,71.5,72.68,845463,6.326
2024-11-04,ENERGY,Energy Systems,70.14,70.66,68.91,69.79,1730995,-3.491
2024-11-05,ENERGY,Energy Systems,70.55,70.65,68.65,69.77,1522537,1.076
2024-11-06,ENERGY,Energy Systems,69.85,69.9,69.25,69.6,355331,0.118
2024-11-07,ENERGY,Energy Systems,72.51,72.97,72.47,72.68,700489,4.184
2024-11-08,ENERGY,Energy Systems,72.49,74.14,69.87,70.75,668515,-0.272
2024-11-11,ENERGY,Energy Systems,70.19,71.56,69.33,71.55,2053178,-0.781
2024-11-12,ENERGY,Energy Systems,72.67,73.78,70.93,73.25,3102275,1.562
2024-11-13,ENERGY,Energy Systems,72.32,74.37,71.96,74.08,481326,-1.273
2024-11-14,ENERGY,Energy Systems,73.91,74.52,72.22,73.0,376037,-0.241
2024-11-15,ENERGY,Energy Systems,73.04,74.41,72.51,74.27,1292230,0.056
2024-11-18,ENERGY,Energy Systems,74.86,75.77,73.72,74.55,1454730,0.783
2024-11-19,ENERGY,Energy Systems,74.65,74.97,74.27,74.5,1705384,0.139
2024-11-20,ENERGY,Energy Systems,74.07,74.63,72.44,72.58,1117992,-0.57
2024-11-21,ENERGY,Energy Systems,74.99,75.21,74.08,74.97,897363,3.315
2024-11-22,ENERGY,Energy Systems,75.96,76.11,74.11,74.18,1139944,1.319
2024-11-25,ENERGY,Energy Systems,75.8,77.3,75.04,76.18,1097171,2.174
2024-11-26,ENERGY,Energy Systems,76.38,77.11,73.41,75.16,1071048,0.269
2024-11-27,ENERGY,Energy Systems,75.99,76.63,74.61,76.09,707110,1.11
2024-11-28,ENERGY,Energy Systems,74.05,76.03,73.79,75.94,1759188,-2.684
2024-11-29,ENERGY,Energy Systems,74.31,74.36,72.7,73.46,1359020,-2.144
2024-12-02,ENERGY,Energy Systems,73.89,74.28,73.75,73.98,601009,0.597
2024-12-03,ENERGY,Energy Systems,74.12,74.18,72.58,72.93,3846406,0.192
2024-12-04,ENERGY,Energy Systems,72.94,73.04,71.04,71.41,2551840,0.02
2024-12-05,ENERGY,Energy Systems,70.64,71.21,68.01,68.96,899490,-1.079
2024-12-06,ENERGY,Energy Systems,68.67,69.15,68.13,68.6,876642,-0.415
2024-12-09,ENERGY,Energy Systems,68.65,68.87,68.35,68.81,1541995,0.071
2024-12-10,ENERGY,Energy Systems,69.41,70.99,69.38,69.89,1314172,0.885
2024-12-11,ENERGY,Energy Systems,70.98,71.44,69.84,70.24,1375517,1.558
2024-12-12,ENERGY,Energy Systems,71.76,72.41,71.23,71.32,968466,2.168
2024-12-13,ENERGY,Energy Systems,71.09,72.12,69.47,71.89,689610,-0.323
2024-12-16,ENERGY,Energy Systems,72.71,73.34,72.12,72.13,1113600,1.136
2024-12-17,ENERGY,Energy Systems,76.41,77.27,75.99,76.2,359297,5.936
2024-12-18,ENERGY,Energy Systems,76.14,76.76,75.39,76.15,778346,-0.084
2024-12-19,ENERGY,Energy Systems,76.0,76.86,74.89,75.13,559381,-0.201
2024-12-20,ENERGY,Energy Systems,74.58,74.99,72.14,73.47,560564,-0.729
2024-12-23,ENERGY,Energy Systems,70.82,70.83,70.53,70.68,807479,-3.606
2024-12-24,ENERGY,Energy Systems,70.47,71.6,69.09,70.86,854465,-0.301
2024-12-25,ENERGY,Energy Systems,71.23,72.47,69.81,70.25,1047006,0.528
2024-12-26,ENERGY,Energy Systems,71.1,72.42,70.17,70.47,1747369,1.212
2024-12-27,ENERGY,Energy Systems,70.07,70.72,68.95,69.18,824043,-0.574
2024-12-30,ENERGY,Energy Systems,69.46,71.93,68.88,70.26,1889131,0.399
2024-12-31,ENERGY,Energy Systems,69.62,69.66,68.47,68.55,628051,-0.912
2025-01-01,ENERGY,Energy Systems,68.37,69.03,68.03,68.78,1191236,-0.251
2025-01-02,ENERGY,Energy Systems,68.16,68.97,66.42,67.63,1045550,-0.914
2025-01-03,ENERGY,Energy Systems,67.39,69.37,65.74,66.45,863221,-0.35
2025-01-06,ENERGY,Energy Systems,67.07,68.33,65.86,67.68,1345964,0.932
2025-01-07,ENERGY,Energy Systems,66.32,66.52,64.69,66.06,506710,-2.012
2025-01-08,ENERGY,Energy Systems,67.72,68.47,67.65,67.9,665103,2.505
2025-01-09,ENERGY,Energy Systems,68.99,70.34,68.98,69.66,777248,1.602
2025-01-10,ENERGY,Energy Systems,67.56,68.68,66.91,68.39,810869,-3.018
2025-01-13,ENERGY,Energy Systems,67.82,68.38,65.56,66.31,904134,-0.834
2025-01-14,ENERGY,Energy Systems,65.4,66.72,63.0,63.8,760047,-1.377
2025-01-15,ENERGY,Energy Systems,64.21,65.39,63.69,64.62,1780480,0.645
2025-01-16,ENERGY,Energy Systems,63.97,64.44,61.88,62.69,4012590,-0.996
2025-01-17,ENERGY,Energy Systems,61.25,62.15,60.77,61.89,504517,-2.299
2025-01-20,ENERGY,Energy Systems,60.39,60.44,59.3,59.69,1471213,-2.426
2025-01-21,ENERGY,Energy Systems,60.97,62.52,60.72,61.52,568666,2.154
2025-01-22,ENERGY,Energy Systems,63.26,63.84,61.7,62.69,1313546,2.827
2025-01-23,ENERGY,Energy Systems,60.87,61.68,59.93,60.03,1112249,-2.892
2025-01-24,ENERGY,Energy Systems,61.01,61.81,60.88,61.64,899939,1.618
2025-01-27,ENERGY,Energy Systems,62.76,63.45,62.08,63.28,976443,1.816
2025-01-28,ENERGY,Energy Systems,62.27,62.88,61.39,61.56,1958588,-1.603
2025-01-29,ENERGY,Energy Systems,60.63,61.2,60.47,60.8,476644,-1.51
2025-01-30,ENERGY,Energy Systems,60.59,60.92,60.28,60.42,557232,-0.341
2025-01-31,ENERGY,Energy Systems,61.79,62.11,61.78,61.98,784091,2.268
2025-02-03,ENERGY,Energy Systems,62.32,63.86,61.98,62.76,911716,0.536
2025-02-04,ENERGY,Energy Systems,63.14,64.77,62.83,64.27,843201,0.612
2025-02-05,ENERGY,Energy Systems,63.31,63.8,62.32,62.98,1270757,-1.503
2025-02-06,ENERGY,Energy Systems,60.9,61.1,59.37,60.39,908316,-3.304
2025-02-07,ENERGY,Energy Systems,57.79,57.81,55.71,56.05,1387380,-4.302
2025-02-10,ENERGY,Energy Systems,56.3,57.59,55.79,57.28,480739,0.435
2025-02-11,ENERGY,Energy Systems,56.3,56.46,54.75,54.77,1202194,-1.71
2025-02-12,ENERGY,Energy Systems,54.9,55.0,53.32,54.13,2114604,0.224
2025-02-13,ENERGY,Energy Systems,53.86,54.71,52.8,53.46,590501,-0.507
2025-02-14,ENERGY,Energy Systems,52.35,52.57,51.91,52.29,3636694,-2.092
2025-02-17,ENERGY,Energy Systems,49.99,50.73,49.7,50.45,767019,-4.399
2025-02-18,ENERGY,Energy Systems,49.58,51.26,49.57,50.83,2213291,-1.718
2025-02-19,ENERGY,Energy Systems,49.35,50.42,48.02,48.36,1192414,-2.925
2025-02-20,ENERGY,Energy Systems,48.51,49.31,48.12,48.62,1139913,0.306
2025-02-21,ENERGY,Energy Systems,49.38,49.53,47.41,47.98,936207,1.566
2025-02-24,ENERGY,Energy Systems,48.54,49.02,48.54,48.61,468153,1.169
2025-02-25,ENERGY,Energy Systems,49.77,50.33,49.36,49.62,781524,2.401
2025-02-26,ENERGY,Energy Systems,48.91,49.9,48.6,49.55,880221,-1.428
2025-02-27,ENERGY,Energy Systems,47.64,48.21,47.22,47.24,575037,-3.852
2025-02-28,ENERGY,Energy Systems,48.16,48.24,47.78,48.09,1630294,1.952
2025-03-03,ENERGY,Energy Systems,48.12,48.98,47.24,47.57,776951,0.06
2025-03-04,ENERGY,Energy Systems,47.71,48.04,47.18,47.47,997040,0.314
2025-03-05,ENERGY,Energy Systems,48.64,48.92,48.35,48.89,747290,2.468
2025-03-06,ENERGY,Energy Systems,48.11,48.47,47.61,47.72,529875,-1.601
2025-03-07,ENERGY,Energy Systems,49.45,50.39,49.23,49.69,1082374,3.636
2025-03-10,ENERGY,Energy Systems,51.43,51.93,49.87,50.58,790972,3.509
2025-03-11,ENERGY,Energy Systems,50.35,50.45,49.55,49.56,1498816,-0.455
2025-03-12,ENERGY,Energy Systems,50.69,51.69,50.11,50.13,1223063,2.28
2025-03-13,ENERGY,Energy Systems,50.43,50.49,49.42,50.18,1239951,0.599
2025-03-14,ENERGY,Energy Systems,49.85,49.94,48.67,49.48,946653,-0.647
2025-03-17,ENERGY,Energy Systems,49.51,50.05,48.19,49.15,1298021,0.06
2025-03-18,ENERGY,Energy Systems,49.28,50.48,48.91,49.31,1072334,0.266
2025-03-19,ENERGY,Energy Systems,49.78,49.97,49.05,49.25,1755574,0.957
2025-03-20,ENERGY,Energy Systems,48.93,50.67,48.3,50.45,1084224,-0.658
2025-03-21,ENERGY,Energy Systems,49.85,50.64,47.87,48.21,1520384,-1.203
2025-03-24,ENERGY,Energy Systems,48.41,48.65,47.01,47.41,652472,0.431
2025-03-25,ENERGY,Energy Systems,45.06,45.12,44.84,44.9,1463965,-4.964
2025-03-26,ENERGY,Energy Systems,45.52,46.24,44.83,45.7,1311947,1.375
2025-03-27,ENERGY,Energy Systems,46.32,47.01,45.12,45.45,785154,1.353
2025-03-28,ENERGY,Energy Systems,46.19,46.58,45.48,45.76,1830109,1.607
2025-03-31,ENERGY,Energy Systems,45.82,45.87,45.1,45.69,696817,0.126
2025-04-01,ENERGY,Energy Systems,46.94,47.17,45.77,47.09,599202,2.731
2025-04-02,ENERGY,Energy Systems,46.8,47.25,45.16,45.94,2517756,-0.607
2025-04-03,ENERGY,Energy Systems,47.11,47.28,46.18,46.97,2808497,2.548
2025-04-04,ENERGY,Energy Systems,47.46,48.09,46.65,47.11,1270668,1.038
2025-04-07,ENERGY,Energy Systems,46.99,47.47,46.31,47.44,1088256,-0.245
2025-04-08,ENERGY,Energy Systems,48.48,48.86,47.96,48.46,989118,2.198
2025-04-09,ENERGY,Energy Systems,47.91,48.46,47.58,48.44,1819143,-1.149
2025-04-10,ENERGY,Energy Systems,49.16,49.86,49.16,49.36,781712,1.483
2025-04-11,ENERGY,Energy Systems,49.07,49.55,47.84,48.8,736115,-0.588
2025-04-14,ENERGY,Energy Systems,49.03,49.04,47.13,48.04,1836478,0.487
2025-04-15,ENERGY,Energy Systems,49.67,50.54,49.31,49.96,745830,3.387
2025-04-16,ENERGY,Energy Systems,47.27,48.86,47.01,48.12,959107,-5.378
2025-04-17,ENERGY,Energy Systems,47.44,48.25,46.61,47.71,1262399,-1.408
2025-04-18,ENERGY,Energy Systems,47.49,47.79,47.4,47.57,957600,-0.453
2025-04-21,ENERGY,Energy Systems,47.42,48.31,47.31,48.11,568230,-0.328
2025-04-22,ENERGY,Energy Systems,47.79,48.46,47.48,48.44,2581787,-0.657
2025-04-23,ENERGY,Energy Systems,49.49,49.81,48.23,49.56,925677,2.177
2025-04-24,ENERGY,Energy Systems,49.29,49.65,49.13,49.58,422805,-0.552
2025-04-25,ENERGY,Energy Systems,48.69,49.88,48.65,49.04,1220218,-1.78
2025-04-28,ENERGY,Energy Systems,50.03,50.21,49.05,49.42,1634687,2.005
2025-04-29,ENERGY,Energy Systems,49.62,50.23,49.26,49.84,2899370,0.403
2025-04-30,ENERGY,Energy Systems,48.88,49.0,48.25,48.63,775218,-1.916
2025-05-01,ENERGY,Energy Systems,45.93,47.22,45.13,46.86,813253,-5.566
2025-05-02,ENERGY,Energy Systems,48.38,49.89,48.29,49.43,1155551,3.236
2025-05-05,ENERGY,Energy Systems,49.35,50.63,48.95,50.19,1797443,-0.162
2025-05-06,ENERGY,Energy Systems,50.19,51.57,50.16,51.23,695709,0.011
2025-05-07,ENERGY,Energy Systems,51.29,51.54,49.43,50.15,1571646,0.115
2025-05-08,ENERGY,Energy Systems,50.92,51.6,48.36,49.6,1156059,1.533
2025-05-09,ENERGY,Energy Systems,49.01,51.76,49.0,51.09,1325697,-1.182
2025-05-12,ENERGY,Energy Systems,52.51,53.06,52.01,52.8,865638,2.79
2025-05-13,ENERGY,Energy Systems,51.79,52.12,51.01,51.82,1879777,-1.914
2025-05-14,ENERGY,Energy Systems,51.36,51.45,50.35,50.38,457317,-0.895
2025-05-15,ENERGY,Energy Systems,50.77,51.64,49.71,49.97,883075,0.763
2025-05-16,ENERGY,Energy Systems,49.27,49.58,49.18,49.2,904170,-1.39
2025-05-19,ENERGY,Energy Systems,49.3,49.47,47.84,48.86,1700898,0.217
2025-05-20,ENERGY,Energy Systems,49.2,50.13,48.59,48.63,630222,0.698
2025-05-21,ENERGY,Energy Systems,49.51,50.0,49.3,49.8,1290028,1.813
2025-05-22,ENERGY,Energy Systems,49.59,50.96,49.38,50.01,2464348,-0.424
2025-05-23,ENERGY,Energy Systems,49.29,49.51,48.25,48.84,346508,-1.434
2025-05-26,ENERGY,Energy Systems,48.67,48.79,48.6,48.77,1032164,-0.361
2025-05-27,ENERGY,Energy Systems,49.81,50.1,49.53,49.67,1355073,2.146
2025-05-28,ENERGY,Energy Systems,51.12,51.17,50.47,50.64,637466,2.924
2025-05-29,ENERGY,Energy Systems,50.71,51.61,49.42,49.6,916086,0.141
2025-05-30,ENERGY,Energy Systems,49.85,50.33,49.81,49.83,540527,0.505
2025-06-02,ENERGY,Energy Systems,51.27,51.37,49.7,50.23,1465304,2.882
2025-06-03,ENERGY,Energy Systems,49.95,50.37,49.54,49.56,1345121,-0.563
2025-06-04,ENERGY,Energy Systems,48.63,48.69,47.46,47.61,1511933,-1.863
2025-06-05,ENERGY,Energy Systems,47.58,48.5,46.68,47.73,935328,-0.06
2025-06-06,ENERGY,Energy Systems,48.44,48.59,47.21,47.83,1332228,1.495
2025-06-09,ENERGY,Energy Systems,47.54,47.89,46.95,47.56,711728,-0.612
2025-06-10,ENERGY,Energy Systems,48.04,49.62,47.76,49.56,1097090,1.015
2024-10-02,HEALTH,HealthTech Ltd.,207.97,208.17,199.23,202.52,322985,3.984
2024-10-03,HEALTH,HealthTech Ltd.,203.93,204.93,203.71,204.35,4756716,0.695
2024-10-04,HEALTH,HealthTech Ltd.,203.5,206.39,202.9,205.06,921667,-0.416
2024-10-07,HEALTH,HealthTech Ltd.,203.58,211.6,203.3,209.13,359074,-0.721
2024-10-08,HEALTH,HealthTech Ltd.,207.83,216.76,205.54,216.26,2473323,-0.622
2024-10-09,HEALTH,HealthTech Ltd.,217.42,222.72,213.21,214.68,707403,0.538
2024-10-10,HEALTH,HealthTech Ltd.,215.65,216.22,211.54,211.61,1250941,0.452
2024-10-11,HEALTH,HealthTech Ltd.,207.1,212.08,203.63,210.82,1031953,-2.13
2024-10-14,HEALTH,HealthTech Ltd.,211.17,214.57,210.67,211.68,953288,0.169
2024-10-15,HEALTH,HealthTech Ltd.,207.22,210.16,206.35,209.77,409583,-2.106
2024-10-16,HEALTH,HealthTech Ltd.,216.04,217.32,211.31,212.07,600376,2.989
2024-10-17,HEALTH,HealthTech Ltd.,205.94,207.43,198.3,199.38,5010060,-2.887
2024-10-18,HEALTH,HealthTech Ltd.,195.62,196.72,192.44,192.91,845120,-1.889
2024-10-21,HEALTH,HealthTech Ltd.,195.47,198.17,189.14,192.6,353115,1.325
2024-10-22,HEALTH,HealthTech Ltd.,190.8,192.0,187.57,189.93,1889547,-0.936
2024-10-23,HEALTH,HealthTech Ltd.,188.85,189.92,182.67,183.77,816819,-0.57
2024-10-24,HEALTH,HealthTech Ltd.,181.39,182.09,178.47,179.61,1164169,-1.295
2024-10-25,HEALTH,HealthTech Ltd.,181.09,183.39,176.86,178.61,475764,0.821
2024-10-28,HEALTH,HealthTech Ltd.,180.15,180.73,173.67,177.94,2129160,0.862
2024-10-29,HEALTH,HealthTech Ltd.,180.51,183.18,173.5,176.45,769474,1.445
2024-10-30,HEALTH,HealthTech Ltd.,173.68,174.29,167.4,167.78,1673154,-1.568
2024-10-31,HEALTH,HealthTech Ltd.,163.25,163.99,157.92,159.53,507834,-2.698
2024-11-01,HEALTH,HealthTech Ltd.,163.14,165.01,163.03,163.23,284128,2.263
2024-11-04,HEALTH,HealthTech Ltd.,162.9,166.97,162.27,165.49,988507,-0.204
2024-11-05,HEALTH,HealthTech Ltd.,156.06,161.41,155.27,159.97,1077608,-5.699
2024-11-06,HEALTH,HealthTech Ltd.,164.15,165.54,162.69,165.15,1535605,2.615
2024-11-07,HEALTH,HealthTech Ltd.,159.13,162.44,157.14,160.67,1136501,-3.647
2024-11-08,HEALTH,HealthTech Ltd.,162.9,165.96,161.5,163.1,1408217,1.388
2024-11-11,HEALTH,HealthTech Ltd.,163.81,167.38,162.23,166.71,731130,0.433
2024-11-12,HEALTH,HealthTech Ltd.,167.22,170.02,160.7,161.42,2167454,0.306
2024-11-13,HEALTH,HealthTech Ltd.,156.48,162.95,154.41,159.4,1607918,-3.061
2024-11-14,HEALTH,HealthTech Ltd.,159.56,160.35,154.56,155.86,826163,0.102
2024-11-15,HEALTH,HealthTech Ltd.,159.65,162.04,155.45,155.66,1139377,2.432
2024-11-18,HEALTH,HealthTech Ltd.,153.59,156.28,152.27,155.45,997382,-1.333
2024-11-19,HEALTH,HealthTech Ltd.,157.48,160.72,155.16,156.43,2960997,1.305
2024-11-20,HEALTH,HealthTech Ltd.,156.69,158.84,153.27,153.46,1688336,0.17
2024-11-21,HEALTH,HealthTech Ltd.,157.37,159.11,155.84,158.17,1025734,2.548
2024-11-22,HEALTH,HealthTech Ltd.,160.5,161.21,154.32,155.31,2654862,1.472
2024-11-25,HEALTH,HealthTech Ltd.,157.4,158.74,155.83,157.97,2292075,1.346
2024-11-26,HEALTH,HealthTech Ltd.,164.42,168.02,163.48,165.39,691070,4.083
2024-11-27,HEALTH,HealthTech Ltd.,165.69,167.43,164.8,166.77,1203572,0.182
2024-11-28,HEALTH,HealthTech Ltd.,163.61,166.3,163.33,164.88,1848723,-1.897
2024-11-29,HEALTH,HealthTech Ltd.,161.03,164.06,159.24,162.16,755050,-2.335
2024-12-02,HEALTH,HealthTech Ltd.,159.27,159.61,156.64,157.96,886652,-1.784
2024-12-03,HEALTH,HealthTech Ltd.,153.11,157.03,153.02,155.72,1357050,-3.071
2024-12-04,HEALTH,HealthTech Ltd.,156.5,159.83,155.15,159.07,3216040,0.499
2024-12-05,HEALTH,HealthTech Ltd.,159.85,161.39,159.1,159.49,1234423,0.489
2024-12-06,HEALTH,HealthTech Ltd.,167.6,168.14,166.72,166.91,1744001,5.084
2024-12-09,HEALTH,HealthTech Ltd.,162.05,163.0,154.7,157.27,927833,-2.913
2024-12-10,HEALTH,HealthTech Ltd.,159.01,161.28,156.78,156.89,1642042,1.105
2024-12-11,HEALTH,HealthTech Ltd.,151.72,154.85,150.28,153.59,1952166,-3.29
2024-12-12,HEALTH,HealthTech Ltd.,160.51,160.68,158.99,159.65,1027722,4.504
2024-12-13,HEALTH,HealthTech Ltd.,164.71,166.12,159.16,161.38,1833312,3.166
2024-12-16,HEALTH,HealthTech Ltd.,160.37,162.98,157.97,162.43,1104469,-0.626
2024-12-17,HEALTH,HealthTech Ltd.,165.92,173.53,165.84,172.5,1719447,2.151
2024-12-18,HEALTH,HealthTech Ltd.,171.41,177.87,170.94,177.55,776394,-0.631
2024-12-19,HEALTH,HealthTech Ltd.,181.62,184.9,180.58,183.99,500941,2.294
2024-12-20,HEALTH,HealthTech Ltd.,184.85,189.28,183.42,186.11,545646,0.47
2024-12-23,HEALTH,HealthTech Ltd.,182.96,185.4,176.51,179.29,1291286,-1.691
2024-12-24,HEALTH,HealthTech Ltd.,183.85,184.39,183.24,184.22,864850,2.543
2024-12-25,HEALTH,HealthTech Ltd.,178.7,179.48,177.37,179.41,1068640,-2.996
2024-12-26,HEALTH,HealthTech Ltd.,179.0,179.13,175.36,176.66,601471,-0.225
2024-12-27,HEALTH,HealthTech Ltd.,177.15,179.05,176.11,177.77,1141830,0.275
2024-12-30,HEALTH,HealthTech Ltd.,173.92,176.4,172.07,174.83,3302962,-2.167
2024-12-31,HEALTH,HealthTech Ltd.,172.0,174.63,170.21,173.37,552475,-1.622
2025-01-01,HEALTH,HealthTech Ltd.,175.21,175.58,171.14,172.92,1607363,1.061
2025-01-02,HEALTH,HealthTech Ltd.,170.2,172.2,170.0,171.61,1121246,-1.574
2025-01-03,HEALTH,HealthTech Ltd.,169.16,172.29,167.85,169.7,1824962,-1.424
2025-01-06,HEALTH,HealthTech Ltd.,174.95,177.5,172.29,172.81,807112,3.096
2025-01-07,HEALTH,HealthTech Ltd.,179.44,180.97,177.38,179.53,1729028,3.837
2025-01-08,HEALTH,HealthTech Ltd.,177.66,179.48,176.8,177.78,980509,-1.042
2025-01-09,HEALTH,HealthTech Ltd.,177.9,180.78,177.51,179.72,1085242,0.067
2025-01-10,HEALTH,HealthTech Ltd.,178.57,179.03,171.3,174.61,714080,-0.644
2025-01-13,HEALTH,HealthTech Ltd.,172.08,173.33,169.07,169.84,984119,-1.446
2025-01-14,HEALTH,HealthTech Ltd.,166.89,169.73,166.65,167.12,1556853,-1.736
2025-01-15,HEALTH,HealthTech Ltd.,163.1,165.68,158.38,159.35,1967519,-2.402
2025-01-16,HEALTH,HealthTech Ltd.,159.02,159.72,157.23,158.64,1081470,-0.208
2025-01-17,HEALTH,HealthTech Ltd.,157.58,158.12,154.06,154.46,1016049,-0.663
2025-01-20,HEALTH,HealthTech Ltd.,150.88,155.84,149.42,154.48,960818,-2.32
2025-01-21,HEALTH,HealthTech Ltd.,149.29,153.76,148.17,153.67,1412113,-3.358
2025-01-22,HEALTH,HealthTech Ltd.,157.41,159.42,155.65,157.35,584812,2.434
2025-01-23,HEALTH,HealthTech Ltd.,155.39,161.9,155.16,157.62,524105,-1.248
2025-01-24,HEALTH,HealthTech Ltd.,156.28,156.84,154.72,155.58,590723,-0.853
2025-01-27,HEALTH,HealthTech Ltd.,162.86,169.37,160.29,167.42,933651,4.684
2025-01-28,HEALTH,HealthTech Ltd.,168.02,169.13,166.21,167.87,1070020,0.358
2025-01-29,HEALTH,HealthTech Ltd.,166.43,167.92,160.5,163.18,1104574,-0.853
2025-01-30,HEALTH,HealthTech Ltd.,159.43,161.62,156.89,158.8,1003589,-2.293
2025-01-31,HEALTH,HealthTech Ltd.,158.68,164.01,158.16,163.16,559275,-0.074
2025-02-03,HEALTH,HealthTech Ltd.,164.6,167.7,164.12,166.65,885639,0.888
2025-02-04,HEALTH,HealthTech Ltd.,166.21,166.57,158.45,160.0,865350,-0.268
2025-02-05,HEALTH,HealthTech Ltd.,160.33,160.91,158.17,158.51,660688,0.205
2025-02-06,HEALTH,HealthTech Ltd.,162.9,166.16,162.09,165.17,1399417,2.765
2025-02-07,HEALTH,HealthTech Ltd.,167.45,169.14,162.27,163.2,942430,1.385
2025-02-10,HEALTH,HealthTech Ltd.,171.97,173.42,168.18,172.75,2048832,5.376
2025-02-11,HEALTH,HealthTech Ltd.,168.27,168.83,163.39,165.74,1582776,-2.59
2025-02-12,HEALTH,HealthTech Ltd.,165.38,167.15,165.15,166.15,1061334,-0.216
2025-02-13,HEALTH,HealthTech Ltd.,169.53,172.84,168.92,171.99,1554166,2.038
2025-02-14,HEALTH,HealthTech Ltd.,171.85,172.54,168.92,169.06,1704253,-0.084
2025-02-17,HEALTH,HealthTech Ltd.,168.61,168.7,165.36,165.55,1196893,-0.267
2025-02-18,HEALTH,HealthTech Ltd.,168.76,172.36,167.72,171.34,639889,1.94
2025-02-19,HEALTH,HealthTech Ltd.,173.91,178.25,173.49,177.69,2308377,1.498
2025-02-20,HEALTH,HealthTech Ltd.,179.66,182.99,178.44,180.84,648966,1.111
2025-02-21,HEALTH,HealthTech Ltd.,176.92,177.95,175.61,176.0,499166,-2.168
2025-02-24,HEALTH,HealthTech Ltd.,179.55,186.14,177.79,182.58,723196,2.018
2025-02-25,HEALTH,HealthTech Ltd.,185.9,185.95,185.36,185.7,1842613,1.814
2025-02-26,HEALTH,HealthTech Ltd.,181.29,184.95,179.99,182.94,3343201,-2.379
2025-02-27,HEALTH,HealthTech Ltd.,181.19,183.98,178.95,183.79,1067685,-0.958
2025-02-28,HEALTH,HealthTech Ltd.,182.55,187.04,179.97,186.12,847915,-0.676
2025-03-03,HEALTH,HealthTech Ltd.,188.61,192.77,186.13,192.55,560020,1.338
2025-03-04,HEALTH,HealthTech Ltd.,191.04,191.26,190.05,190.21,1443207,-0.787
2025-03-05,HEALTH,HealthTech Ltd.,188.71,189.19,186.96,189.1,954602,-0.79
2025-03-06,HEALTH,HealthTech Ltd.,188.75,188.81,188.14,188.28,815590,-0.187
2025-03-07,HEALTH,HealthTech Ltd.,193.26,194.65,184.59,189.87,647316,2.645
2025-03-10,HEALTH,HealthTech Ltd.,184.92,190.84,184.49,186.96,3084947,-2.608
2025-03-11,HEALTH,HealthTech Ltd.,181.37,184.09,174.39,175.98,2015713,-2.99
2025-03-12,HEALTH,HealthTech Ltd.,174.35,178.58,171.23,176.13,929418,-0.925
2025-03-13,HEALTH,HealthTech Ltd.,168.2,168.92,165.7,166.13,966393,-4.503
2025-03-14,HEALTH,HealthTech Ltd.,170.02,173.56,168.15,173.27,1310117,2.338
2025-03-17,HEALTH,HealthTech Ltd.,173.66,176.15,170.09,176.02,520260,0.229
2025-03-18,HEALTH,HealthTech Ltd.,174.39,175.15,171.85,174.06,997248,-0.93
2025-03-19,HEALTH,HealthTech Ltd.,169.28,172.71,165.99,171.42,1061168,-2.744
2025-03-20,HEALTH,HealthTech Ltd.,166.14,167.64,163.15,164.48,1113002,-3.08
2025-03-21,HEALTH,HealthTech Ltd.,160.42,164.86,159.89,162.53,709576,-2.471
2025-03-24,HEALTH,HealthTech Ltd.,161.51,163.58,159.35,162.73,996003,-0.631
2025-03-25,HEALTH,HealthTech Ltd.,163.89,164.19,162.1,162.81,983289,0.713
2025-03-26,HEALTH,HealthTech Ltd.,157.1,158.46,156.03,157.88,539217,-3.508
2025-03-27,HEALTH,HealthTech Ltd.,162.7,164.28,160.85,163.9,687487,3.052
2025-03-28,HEALTH,HealthTech Ltd.,168.34,169.61,167.48,168.68,672382,2.705
2025-03-31,HEALTH,HealthTech Ltd.,173.92,178.27,172.82,177.44,297473,3.102
2025-04-01,HEALTH,HealthTech Ltd.,172.36,172.6,168.35,168.9,561614,-2.863
2025-04-02,HEALTH,HealthTech Ltd.,168.12,170.29,164.93,169.39,973427,-0.462
2025-04-03,HEALTH,HealthTech Ltd.,164.88,168.42,163.4,167.11,727907,-2.667
2025-04-04,HEALTH,HealthTech Ltd.,165.73,166.29,159.7,160.13,1898761,-0.823
2025-04-07,HEALTH,HealthTech Ltd.,156.77,159.14,153.76,155.32,579492,-2.097
2025-04-08,HEALTH,HealthTech Ltd.,158.57,158.76,156.31,156.91,557837,2.092
2025-04-09,HEALTH,HealthTech Ltd.,156.54,159.85,155.27,157.94,683240,-0.237
2025-04-10,HEALTH,HealthTech Ltd.,156.57,158.87,156.52,157.82,888415,-0.866
2025-04-11,HEALTH,HealthTech Ltd.,158.39,161.29,151.79,152.73,1979571,0.359
2025-04-14,HEALTH,HealthTech Ltd.,150.1,150.55,148.52,149.55,369463,-1.721
2025-04-15,HEALTH,HealthTech Ltd.,147.05,148.09,142.66,146.32,914511,-1.672
2025-04-16,HEALTH,HealthTech Ltd.,142.35,145.1,142.19,143.21,654685,-2.714
2025-04-17,HEALTH,HealthTech Ltd.,146.09,149.06,145.54,147.55,1728406,2.016
2025-04-18,HEALTH,HealthTech Ltd.,151.18,151.72,149.18,151.03,548751,2.464
2025-04-21,HEALTH,HealthTech Ltd.,152.51,154.13,148.99,149.37,2079443,0.977
2025-04-22,HEALTH,HealthTech Ltd.,150.99,153.14,145.92,148.22,1697094,1.083
2025-04-23,HEALTH,HealthTech Ltd.,146.11,146.32,144.42,145.44,2384203,-1.423
2025-04-24,HEALTH,HealthTech Ltd.,146.01,146.5,139.6,140.09,1158525,0.389
2025-04-25,HEALTH,HealthTech Ltd.,139.19,142.46,138.8,140.88,895038,-0.637
2025-04-28,HEALTH,HealthTech Ltd.,140.9,142.08,140.09,140.94,1260476,0.017
2025-04-29,HEALTH,HealthTech Ltd.,145.43,149.18,144.23,148.17,680112,3.181
2025-04-30,HEALTH,HealthTech Ltd.,150.38,151.91,148.79,149.21,272731,1.492
2025-05-01,HEALTH,HealthTech Ltd.,144.13,144.25,143.22,143.75,460015,-3.402
2025-05-02,HEALTH,HealthTech Ltd.,141.54,143.2,141.52,142.37,1835533,-1.536
2025-05-05,HEALTH,HealthTech Ltd.,143.65,144.05,140.04,142.04,1000474,0.895
2025-05-06,HEALTH,HealthTech Ltd.,145.34,148.89,144.9,146.83,2060954,2.324
2025-05-07,HEALTH,HealthTech Ltd.,146.41,149.68,145.38,149.64,2321581,-0.287
2025-05-08,HEALTH,HealthTech Ltd.,149.21,151.63,149.02,149.7,525082,-0.287
2025-05-09,HEALTH,HealthTech Ltd.,156.27,156.52,153.37,155.17,763668,4.386
2025-05-12,HEALTH,HealthTech Ltd.,152.2,155.51,151.76,152.77,1151851,-1.916
2025-05-13,HEALTH,HealthTech Ltd.,152.1,154.53,148.43,148.58,2282133,-0.44
2025-05-14,HEALTH,HealthTech Ltd.,147.96,148.36,145.69,146.0,591575,-0.42
2025-05-15,HEALTH,HealthTech Ltd.,150.44,153.21,147.06,149.04,813397,3.04
2025-05-16,HEALTH,HealthTech Ltd.,147.37,149.94,141.62,143.47,1165986,-1.116
2025-05-19,HEALTH,HealthTech Ltd.,146.23,147.25,143.75,147.16,688167,1.925
2025-05-20,HEALTH,HealthTech Ltd.,147.86,148.16,145.12,146.11,1713627,0.476
2025-05-21,HEALTH,HealthTech Ltd.,142.68,148.51,142.67,147.38,2008269,-2.352
2025-05-22,HEALTH,HealthTech Ltd.,154.5,154.85,147.57,151.16,1219932,4.831
2025-05-23,HEALTH,HealthTech Ltd.,152.42,153.42,149.21,152.33,1208886,0.831
2025-05-26,HEALTH,HealthTech Ltd.,156.92,157.61,153.09,155.52,1312558,3.011
2025-05-27,HEALTH,HealthTech Ltd.,154.46,155.63,152.09,152.69,1279952,-0.687
2025-05-28,HEALTH,HealthTech Ltd.,148.84,148.9,146.32,147.95,2528639,-2.524
2025-05-29,HEALTH,HealthTech Ltd.,145.57,147.0,141.52,144.11,1384640,-1.607
2025-05-30,HEALTH,HealthTech Ltd.,141.55,144.19,141.19,143.9,911618,-1.773
2025-06-02,HEALTH,HealthTech Ltd.,141.89,143.39,139.31,142.61,543552,-1.399
2025-06-03,HEALTH,HealthTech Ltd.,147.13,147.57,145.66,146.89,735790,3.172
2025-06-04,HEALTH,HealthTech Ltd.,149.57,150.65,142.17,143.5,642826,1.828
2025-06-05,HEALTH,HealthTech Ltd.,143.03,144.86,142.68,143.85,737620,-0.33
2025-06-06,HEALTH,HealthTech Ltd.,145.06,146.69,143.93,145.33,1024819,0.838
2025-06-09,HEALTH,HealthTech Ltd.,142.87,143.65,141.02,141.47,1199416,-1.695
2025-06-10,HEALTH,HealthTech Ltd.,143.63,143.66,143.32,143.52,775594,1.53
